CITY;SHAPE
@naples;CIRCLE:14.143:40.859:10000
@barletta;RECT:16.25079:41.28218:16.32146:41.32495
@trani;RECT:16.3792441254892:41.2500646777429:16.4492175161922:41.2934759314651