DISTRICT;CITY;SHAPE
@district1;@city1;CIRCLE:40.859:14.143:500
@district2;@city1;RECT:40.8593719980551:14.1489070449144:40.8631839479616:14.1534337354284