POI;STREET;SHAPE
@poi1;@street1;CIRCLE:16.27971,41.32031:100
@poi2;@street1;CIRCLE:16.27732,41.31904:100
@poi3;@street1;CIRCLE:16.27520,41.32177:100
@poi4;@street1;CIRCLE:16.27393,41.31937:100
@poi5;@street1;CIRCLE:16.27762,41.31584:100
@poi6;@street1;CIRCLE:16.27426,41.31752:100
@poi7;@street1;CIRCLE:16.27471,41.32372:100
@poi8;@street1;CIRCLE:16.27748,41.31625:100
@poi9;@street1;CIRCLE:16.28274,41.30657:100
@poi10;@street1;CIRCLE:16.28748,41.30766:100