STREET;DISTRICT;SHAPE
@street1;@district1;CIRCLE:40.859:14.143:200
@street2;@district2;RECT:40.8574168434779:14.145239840362:40.8590308160109:14.147193596586